"variable","iso2","reference","cramer"
"year","AO","year",
"year","AO","longitude",
"year","AO","latitude",
"year","AO","hk_prevalence",
"year","AO","asc_prevalence",
"year","AO","tt_prevalence",
"year","AO","coordinates",
"longitude","AO","year",
"longitude","AO","longitude",
"longitude","AO","latitude",
"longitude","AO","hk_prevalence",
"longitude","AO","asc_prevalence",
"longitude","AO","tt_prevalence",
"longitude","AO","coordinates",
"latitude","AO","year",
"latitude","AO","longitude",
"latitude","AO","latitude",1
"latitude","AO","hk_prevalence",
"latitude","AO","asc_prevalence",0
"latitude","AO","tt_prevalence",
"latitude","AO","coordinates",1
"hk_prevalence","AO","year",
"hk_prevalence","AO","longitude",
"hk_prevalence","AO","latitude",
"hk_prevalence","AO","hk_prevalence",
"hk_prevalence","AO","asc_prevalence",
"hk_prevalence","AO","tt_prevalence",
"hk_prevalence","AO","coordinates",
"asc_prevalence","AO","year",
"asc_prevalence","AO","longitude",
"asc_prevalence","AO","latitude",0
"asc_prevalence","AO","hk_prevalence",
"asc_prevalence","AO","asc_prevalence",1
"asc_prevalence","AO","tt_prevalence",
"asc_prevalence","AO","coordinates",0
"tt_prevalence","AO","year",
"tt_prevalence","AO","longitude",
"tt_prevalence","AO","latitude",
"tt_prevalence","AO","hk_prevalence",
"tt_prevalence","AO","asc_prevalence",
"tt_prevalence","AO","tt_prevalence",
"tt_prevalence","AO","coordinates",
"coordinates","AO","year",
"coordinates","AO","longitude",
"coordinates","AO","latitude",1
"coordinates","AO","hk_prevalence",
"coordinates","AO","asc_prevalence",0
"coordinates","AO","tt_prevalence",
"coordinates","AO","coordinates",1
"year","BF","year",1
"year","BF","longitude",0
"year","BF","latitude",0.3337
"year","BF","hk_prevalence",
"year","BF","asc_prevalence",0
"year","BF","tt_prevalence",0.4264
"year","BF","coordinates",0.3337
"longitude","BF","year",0
"longitude","BF","longitude",1
"longitude","BF","latitude",0.5425
"longitude","BF","hk_prevalence",
"longitude","BF","asc_prevalence",0
"longitude","BF","tt_prevalence",0.2365
"longitude","BF","coordinates",0.5425
"latitude","BF","year",0.3337
"latitude","BF","longitude",0.5425
"latitude","BF","latitude",1
"latitude","BF","hk_prevalence",
"latitude","BF","asc_prevalence",0
"latitude","BF","tt_prevalence",0.4493
"latitude","BF","coordinates",1
"hk_prevalence","BF","year",
"hk_prevalence","BF","longitude",
"hk_prevalence","BF","latitude",
"hk_prevalence","BF","hk_prevalence",
"hk_prevalence","BF","asc_prevalence",
"hk_prevalence","BF","tt_prevalence",
"hk_prevalence","BF","coordinates",
"asc_prevalence","BF","year",0
"asc_prevalence","BF","longitude",0
"asc_prevalence","BF","latitude",0
"asc_prevalence","BF","hk_prevalence",
"asc_prevalence","BF","asc_prevalence",1
"asc_prevalence","BF","tt_prevalence",0.1551
"asc_prevalence","BF","coordinates",0
"tt_prevalence","BF","year",0.4264
"tt_prevalence","BF","longitude",0.2365
"tt_prevalence","BF","latitude",0.4493
"tt_prevalence","BF","hk_prevalence",
"tt_prevalence","BF","asc_prevalence",0.1551
"tt_prevalence","BF","tt_prevalence",1
"tt_prevalence","BF","coordinates",0.4493
"coordinates","BF","year",0.3337
"coordinates","BF","longitude",0.5425
"coordinates","BF","latitude",1
"coordinates","BF","hk_prevalence",
"coordinates","BF","asc_prevalence",0
"coordinates","BF","tt_prevalence",0.4493
"coordinates","BF","coordinates",1
"year","BI","year",1
"year","BI","longitude",0.2423
"year","BI","latitude",0.03498
"year","BI","hk_prevalence",
"year","BI","asc_prevalence",
"year","BI","tt_prevalence",
"year","BI","coordinates",0.03498
"longitude","BI","year",0.2423
"longitude","BI","longitude",1
"longitude","BI","latitude",0.542
"longitude","BI","hk_prevalence",
"longitude","BI","asc_prevalence",
"longitude","BI","tt_prevalence",
"longitude","BI","coordinates",0.542
"latitude","BI","year",0.03498
"latitude","BI","longitude",0.542
"latitude","BI","latitude",1
"latitude","BI","hk_prevalence",
"latitude","BI","asc_prevalence",
"latitude","BI","tt_prevalence",
"latitude","BI","coordinates",1
"hk_prevalence","BI","year",
"hk_prevalence","BI","longitude",
"hk_prevalence","BI","latitude",
"hk_prevalence","BI","hk_prevalence",
"hk_prevalence","BI","asc_prevalence",
"hk_prevalence","BI","tt_prevalence",
"hk_prevalence","BI","coordinates",
"asc_prevalence","BI","year",
"asc_prevalence","BI","longitude",
"asc_prevalence","BI","latitude",
"asc_prevalence","BI","hk_prevalence",
"asc_prevalence","BI","asc_prevalence",
"asc_prevalence","BI","tt_prevalence",
"asc_prevalence","BI","coordinates",
"tt_prevalence","BI","year",
"tt_prevalence","BI","longitude",
"tt_prevalence","BI","latitude",
"tt_prevalence","BI","hk_prevalence",
"tt_prevalence","BI","asc_prevalence",
"tt_prevalence","BI","tt_prevalence",
"tt_prevalence","BI","coordinates",
"coordinates","BI","year",0.03498
"coordinates","BI","longitude",0.542
"coordinates","BI","latitude",1
"coordinates","BI","hk_prevalence",
"coordinates","BI","asc_prevalence",
"coordinates","BI","tt_prevalence",
"coordinates","BI","coordinates",1
"year","BJ","year",
"year","BJ","longitude",
"year","BJ","latitude",
"year","BJ","hk_prevalence",
"year","BJ","asc_prevalence",
"year","BJ","tt_prevalence",
"year","BJ","coordinates",
"longitude","BJ","year",
"longitude","BJ","longitude",
"longitude","BJ","latitude",
"longitude","BJ","hk_prevalence",
"longitude","BJ","asc_prevalence",
"longitude","BJ","tt_prevalence",
"longitude","BJ","coordinates",
"latitude","BJ","year",
"latitude","BJ","longitude",
"latitude","BJ","latitude",1
"latitude","BJ","hk_prevalence",0
"latitude","BJ","asc_prevalence",0
"latitude","BJ","tt_prevalence",0
"latitude","BJ","coordinates",1
"hk_prevalence","BJ","year",
"hk_prevalence","BJ","longitude",
"hk_prevalence","BJ","latitude",0
"hk_prevalence","BJ","hk_prevalence",1
"hk_prevalence","BJ","asc_prevalence",0.9535
"hk_prevalence","BJ","tt_prevalence",0.9028
"hk_prevalence","BJ","coordinates",0
"asc_prevalence","BJ","year",
"asc_prevalence","BJ","longitude",
"asc_prevalence","BJ","latitude",0
"asc_prevalence","BJ","hk_prevalence",0.9535
"asc_prevalence","BJ","asc_prevalence",1
"asc_prevalence","BJ","tt_prevalence",0.918
"asc_prevalence","BJ","coordinates",0
"tt_prevalence","BJ","year",
"tt_prevalence","BJ","longitude",
"tt_prevalence","BJ","latitude",0
"tt_prevalence","BJ","hk_prevalence",0.9028
"tt_prevalence","BJ","asc_prevalence",0.918
"tt_prevalence","BJ","tt_prevalence",1
"tt_prevalence","BJ","coordinates",0
"coordinates","BJ","year",
"coordinates","BJ","longitude",
"coordinates","BJ","latitude",1
"coordinates","BJ","hk_prevalence",0
"coordinates","BJ","asc_prevalence",0
"coordinates","BJ","tt_prevalence",0
"coordinates","BJ","coordinates",1
"year","BW","year",
"year","BW","longitude",
"year","BW","latitude",
"year","BW","hk_prevalence",
"year","BW","asc_prevalence",
"year","BW","tt_prevalence",
"year","BW","coordinates",
"longitude","BW","year",
"longitude","BW","longitude",1
"longitude","BW","latitude",1
"longitude","BW","hk_prevalence",
"longitude","BW","asc_prevalence",
"longitude","BW","tt_prevalence",
"longitude","BW","coordinates",1
"latitude","BW","year",
"latitude","BW","longitude",1
"latitude","BW","latitude",1
"latitude","BW","hk_prevalence",
"latitude","BW","asc_prevalence",
"latitude","BW","tt_prevalence",
"latitude","BW","coordinates",1
"hk_prevalence","BW","year",
"hk_prevalence","BW","longitude",
"hk_prevalence","BW","latitude",
"hk_prevalence","BW","hk_prevalence",
"hk_prevalence","BW","asc_prevalence",
"hk_prevalence","BW","tt_prevalence",
"hk_prevalence","BW","coordinates",
"asc_prevalence","BW","year",
"asc_prevalence","BW","longitude",
"asc_prevalence","BW","latitude",
"asc_prevalence","BW","hk_prevalence",
"asc_prevalence","BW","asc_prevalence",
"asc_prevalence","BW","tt_prevalence",
"asc_prevalence","BW","coordinates",
"tt_prevalence","BW","year",
"tt_prevalence","BW","longitude",
"tt_prevalence","BW","latitude",
"tt_prevalence","BW","hk_prevalence",
"tt_prevalence","BW","asc_prevalence",
"tt_prevalence","BW","tt_prevalence",
"tt_prevalence","BW","coordinates",
"coordinates","BW","year",
"coordinates","BW","longitude",1
"coordinates","BW","latitude",1
"coordinates","BW","hk_prevalence",
"coordinates","BW","asc_prevalence",
"coordinates","BW","tt_prevalence",
"coordinates","BW","coordinates",1
"year","CD","year",1
"year","CD","longitude",0
"year","CD","latitude",0.09755
"year","CD","hk_prevalence",0
"year","CD","asc_prevalence",
"year","CD","tt_prevalence",
"year","CD","coordinates",0.09755
"longitude","CD","year",0
"longitude","CD","longitude",1
"longitude","CD","latitude",0.7456
"longitude","CD","hk_prevalence",0.5501
"longitude","CD","asc_prevalence",
"longitude","CD","tt_prevalence",
"longitude","CD","coordinates",0.7456
"latitude","CD","year",0.09755
"latitude","CD","longitude",0.7456
"latitude","CD","latitude",1
"latitude","CD","hk_prevalence",0.4039
"latitude","CD","asc_prevalence",
"latitude","CD","tt_prevalence",
"latitude","CD","coordinates",1
"hk_prevalence","CD","year",0
"hk_prevalence","CD","longitude",0.5501
"hk_prevalence","CD","latitude",0.4039
"hk_prevalence","CD","hk_prevalence",1
"hk_prevalence","CD","asc_prevalence",
"hk_prevalence","CD","tt_prevalence",
"hk_prevalence","CD","coordinates",0.4039
"asc_prevalence","CD","year",
"asc_prevalence","CD","longitude",
"asc_prevalence","CD","latitude",
"asc_prevalence","CD","hk_prevalence",
"asc_prevalence","CD","asc_prevalence",
"asc_prevalence","CD","tt_prevalence",
"asc_prevalence","CD","coordinates",
"tt_prevalence","CD","year",
"tt_prevalence","CD","longitude",
"tt_prevalence","CD","latitude",
"tt_prevalence","CD","hk_prevalence",
"tt_prevalence","CD","asc_prevalence",
"tt_prevalence","CD","tt_prevalence",
"tt_prevalence","CD","coordinates",
"coordinates","CD","year",0.09755
"coordinates","CD","longitude",0.7456
"coordinates","CD","latitude",1
"coordinates","CD","hk_prevalence",0.4039
"coordinates","CD","asc_prevalence",
"coordinates","CD","tt_prevalence",
"coordinates","CD","coordinates",1
"year","CF","year",
"year","CF","longitude",
"year","CF","latitude",
"year","CF","hk_prevalence",
"year","CF","asc_prevalence",
"year","CF","tt_prevalence",
"year","CF","coordinates",
"longitude","CF","year",
"longitude","CF","longitude",
"longitude","CF","latitude",
"longitude","CF","hk_prevalence",
"longitude","CF","asc_prevalence",
"longitude","CF","tt_prevalence",
"longitude","CF","coordinates",
"latitude","CF","year",
"latitude","CF","longitude",
"latitude","CF","latitude",
"latitude","CF","hk_prevalence",
"latitude","CF","asc_prevalence",
"latitude","CF","tt_prevalence",
"latitude","CF","coordinates",
"hk_prevalence","CF","year",
"hk_prevalence","CF","longitude",
"hk_prevalence","CF","latitude",
"hk_prevalence","CF","hk_prevalence",
"hk_prevalence","CF","asc_prevalence",
"hk_prevalence","CF","tt_prevalence",
"hk_prevalence","CF","coordinates",
"asc_prevalence","CF","year",
"asc_prevalence","CF","longitude",
"asc_prevalence","CF","latitude",
"asc_prevalence","CF","hk_prevalence",
"asc_prevalence","CF","asc_prevalence",
"asc_prevalence","CF","tt_prevalence",
"asc_prevalence","CF","coordinates",
"tt_prevalence","CF","year",
"tt_prevalence","CF","longitude",
"tt_prevalence","CF","latitude",
"tt_prevalence","CF","hk_prevalence",
"tt_prevalence","CF","asc_prevalence",
"tt_prevalence","CF","tt_prevalence",
"tt_prevalence","CF","coordinates",
"coordinates","CF","year",
"coordinates","CF","longitude",
"coordinates","CF","latitude",
"coordinates","CF","hk_prevalence",
"coordinates","CF","asc_prevalence",
"coordinates","CF","tt_prevalence",
"coordinates","CF","coordinates",
"year","CG","year",
"year","CG","longitude",
"year","CG","latitude",
"year","CG","hk_prevalence",
"year","CG","asc_prevalence",
"year","CG","tt_prevalence",
"year","CG","coordinates",
"longitude","CG","year",
"longitude","CG","longitude",
"longitude","CG","latitude",
"longitude","CG","hk_prevalence",
"longitude","CG","asc_prevalence",
"longitude","CG","tt_prevalence",
"longitude","CG","coordinates",
"latitude","CG","year",
"latitude","CG","longitude",
"latitude","CG","latitude",
"latitude","CG","hk_prevalence",
"latitude","CG","asc_prevalence",
"latitude","CG","tt_prevalence",
"latitude","CG","coordinates",
"hk_prevalence","CG","year",
"hk_prevalence","CG","longitude",
"hk_prevalence","CG","latitude",
"hk_prevalence","CG","hk_prevalence",
"hk_prevalence","CG","asc_prevalence",
"hk_prevalence","CG","tt_prevalence",
"hk_prevalence","CG","coordinates",
"asc_prevalence","CG","year",
"asc_prevalence","CG","longitude",
"asc_prevalence","CG","latitude",
"asc_prevalence","CG","hk_prevalence",
"asc_prevalence","CG","asc_prevalence",
"asc_prevalence","CG","tt_prevalence",
"asc_prevalence","CG","coordinates",
"tt_prevalence","CG","year",
"tt_prevalence","CG","longitude",
"tt_prevalence","CG","latitude",
"tt_prevalence","CG","hk_prevalence",
"tt_prevalence","CG","asc_prevalence",
"tt_prevalence","CG","tt_prevalence",
"tt_prevalence","CG","coordinates",
"coordinates","CG","year",
"coordinates","CG","longitude",
"coordinates","CG","latitude",
"coordinates","CG","hk_prevalence",
"coordinates","CG","asc_prevalence",
"coordinates","CG","tt_prevalence",
"coordinates","CG","coordinates",
"year","CI","year",1
"year","CI","longitude",0.02485
"year","CI","latitude",0.02609
"year","CI","hk_prevalence",0.4063
"year","CI","asc_prevalence",0
"year","CI","tt_prevalence",0.3512
"year","CI","coordinates",0.02609
"longitude","CI","year",0.02485
"longitude","CI","longitude",1
"longitude","CI","latitude",0.9783
"longitude","CI","hk_prevalence",0.03633
"longitude","CI","asc_prevalence",0.03633
"longitude","CI","tt_prevalence",0
"longitude","CI","coordinates",0.9783
"latitude","CI","year",0.02609
"latitude","CI","longitude",0.9783
"latitude","CI","latitude",1
"latitude","CI","hk_prevalence",0.03761
"latitude","CI","asc_prevalence",0.03761
"latitude","CI","tt_prevalence",0
"latitude","CI","coordinates",1
"hk_prevalence","CI","year",0.4063
"hk_prevalence","CI","longitude",0.03633
"hk_prevalence","CI","latitude",0.03761
"hk_prevalence","CI","hk_prevalence",1
"hk_prevalence","CI","asc_prevalence",0.6656
"hk_prevalence","CI","tt_prevalence",0.2855
"hk_prevalence","CI","coordinates",0.03761
"asc_prevalence","CI","year",0
"asc_prevalence","CI","longitude",0.03633
"asc_prevalence","CI","latitude",0.03761
"asc_prevalence","CI","hk_prevalence",0.6656
"asc_prevalence","CI","asc_prevalence",1
"asc_prevalence","CI","tt_prevalence",0.2855
"asc_prevalence","CI","coordinates",0.03761
"tt_prevalence","CI","year",0.3512
"tt_prevalence","CI","longitude",0
"tt_prevalence","CI","latitude",0
"tt_prevalence","CI","hk_prevalence",0.2855
"tt_prevalence","CI","asc_prevalence",0.2855
"tt_prevalence","CI","tt_prevalence",1
"tt_prevalence","CI","coordinates",0
"coordinates","CI","year",0.02609
"coordinates","CI","longitude",0.9783
"coordinates","CI","latitude",1
"coordinates","CI","hk_prevalence",0.03761
"coordinates","CI","asc_prevalence",0.03761
"coordinates","CI","tt_prevalence",0
"coordinates","CI","coordinates",1
"year","CM","year",1
"year","CM","longitude",0.1951
"year","CM","latitude",0.03179
"year","CM","hk_prevalence",0.07323
"year","CM","asc_prevalence",0.1053
"year","CM","tt_prevalence",0.112
"year","CM","coordinates",0.03179
"longitude","CM","year",0.1951
"longitude","CM","longitude",1
"longitude","CM","latitude",0.3789
"longitude","CM","hk_prevalence",0
"longitude","CM","asc_prevalence",0
"longitude","CM","tt_prevalence",0
"longitude","CM","coordinates",0.3789
"latitude","CM","year",0.03179
"latitude","CM","longitude",0.3789
"latitude","CM","latitude",1
"latitude","CM","hk_prevalence",0.04476
"latitude","CM","asc_prevalence",0.07076
"latitude","CM","tt_prevalence",0.07593
"latitude","CM","coordinates",1
"hk_prevalence","CM","year",0.07323
"hk_prevalence","CM","longitude",0
"hk_prevalence","CM","latitude",0.04476
"hk_prevalence","CM","hk_prevalence",1
"hk_prevalence","CM","asc_prevalence",0
"hk_prevalence","CM","tt_prevalence",0
"hk_prevalence","CM","coordinates",0.04476
"asc_prevalence","CM","year",0.1053
"asc_prevalence","CM","longitude",0
"asc_prevalence","CM","latitude",0.07076
"asc_prevalence","CM","hk_prevalence",0
"asc_prevalence","CM","asc_prevalence",1
"asc_prevalence","CM","tt_prevalence",0.9478
"asc_prevalence","CM","coordinates",0.07076
"tt_prevalence","CM","year",0.112
"tt_prevalence","CM","longitude",0
"tt_prevalence","CM","latitude",0.07593
"tt_prevalence","CM","hk_prevalence",0
"tt_prevalence","CM","asc_prevalence",0.9478
"tt_prevalence","CM","tt_prevalence",1
"tt_prevalence","CM","coordinates",0.07593
"coordinates","CM","year",0.03179
"coordinates","CM","longitude",0.3789
"coordinates","CM","latitude",1
"coordinates","CM","hk_prevalence",0.04476
"coordinates","CM","asc_prevalence",0.07076
"coordinates","CM","tt_prevalence",0.07593
"coordinates","CM","coordinates",1
"year","CV","year",
"year","CV","longitude",
"year","CV","latitude",
"year","CV","hk_prevalence",
"year","CV","asc_prevalence",
"year","CV","tt_prevalence",
"year","CV","coordinates",
"longitude","CV","year",
"longitude","CV","longitude",
"longitude","CV","latitude",
"longitude","CV","hk_prevalence",
"longitude","CV","asc_prevalence",
"longitude","CV","tt_prevalence",
"longitude","CV","coordinates",
"latitude","CV","year",
"latitude","CV","longitude",
"latitude","CV","latitude",
"latitude","CV","hk_prevalence",
"latitude","CV","asc_prevalence",
"latitude","CV","tt_prevalence",
"latitude","CV","coordinates",
"hk_prevalence","CV","year",
"hk_prevalence","CV","longitude",
"hk_prevalence","CV","latitude",
"hk_prevalence","CV","hk_prevalence",1
"hk_prevalence","CV","asc_prevalence",1
"hk_prevalence","CV","tt_prevalence",1
"hk_prevalence","CV","coordinates",
"asc_prevalence","CV","year",
"asc_prevalence","CV","longitude",
"asc_prevalence","CV","latitude",
"asc_prevalence","CV","hk_prevalence",1
"asc_prevalence","CV","asc_prevalence",1
"asc_prevalence","CV","tt_prevalence",1
"asc_prevalence","CV","coordinates",
"tt_prevalence","CV","year",
"tt_prevalence","CV","longitude",
"tt_prevalence","CV","latitude",
"tt_prevalence","CV","hk_prevalence",1
"tt_prevalence","CV","asc_prevalence",1
"tt_prevalence","CV","tt_prevalence",1
"tt_prevalence","CV","coordinates",
"coordinates","CV","year",
"coordinates","CV","longitude",
"coordinates","CV","latitude",
"coordinates","CV","hk_prevalence",
"coordinates","CV","asc_prevalence",
"coordinates","CV","tt_prevalence",
"coordinates","CV","coordinates",
"year","EG","year",1
"year","EG","longitude",0
"year","EG","latitude",
"year","EG","hk_prevalence",0
"year","EG","asc_prevalence",
"year","EG","tt_prevalence",0
"year","EG","coordinates",
"longitude","EG","year",0
"longitude","EG","longitude",1
"longitude","EG","latitude",
"longitude","EG","hk_prevalence",0
"longitude","EG","asc_prevalence",
"longitude","EG","tt_prevalence",0
"longitude","EG","coordinates",
"latitude","EG","year",
"latitude","EG","longitude",
"latitude","EG","latitude",
"latitude","EG","hk_prevalence",
"latitude","EG","asc_prevalence",
"latitude","EG","tt_prevalence",
"latitude","EG","coordinates",
"hk_prevalence","EG","year",0
"hk_prevalence","EG","longitude",0
"hk_prevalence","EG","latitude",
"hk_prevalence","EG","hk_prevalence",1
"hk_prevalence","EG","asc_prevalence",
"hk_prevalence","EG","tt_prevalence",0
"hk_prevalence","EG","coordinates",
"asc_prevalence","EG","year",
"asc_prevalence","EG","longitude",
"asc_prevalence","EG","latitude",
"asc_prevalence","EG","hk_prevalence",
"asc_prevalence","EG","asc_prevalence",
"asc_prevalence","EG","tt_prevalence",
"asc_prevalence","EG","coordinates",
"tt_prevalence","EG","year",0
"tt_prevalence","EG","longitude",0
"tt_prevalence","EG","latitude",
"tt_prevalence","EG","hk_prevalence",0
"tt_prevalence","EG","asc_prevalence",
"tt_prevalence","EG","tt_prevalence",1
"tt_prevalence","EG","coordinates",
"coordinates","EG","year",
"coordinates","EG","longitude",
"coordinates","EG","latitude",
"coordinates","EG","hk_prevalence",
"coordinates","EG","asc_prevalence",
"coordinates","EG","tt_prevalence",
"coordinates","EG","coordinates",
"year","ER","year",
"year","ER","longitude",
"year","ER","latitude",
"year","ER","hk_prevalence",
"year","ER","asc_prevalence",
"year","ER","tt_prevalence",
"year","ER","coordinates",
"longitude","ER","year",
"longitude","ER","longitude",
"longitude","ER","latitude",
"longitude","ER","hk_prevalence",
"longitude","ER","asc_prevalence",
"longitude","ER","tt_prevalence",
"longitude","ER","coordinates",
"latitude","ER","year",
"latitude","ER","longitude",
"latitude","ER","latitude",1
"latitude","ER","hk_prevalence",
"latitude","ER","asc_prevalence",
"latitude","ER","tt_prevalence",
"latitude","ER","coordinates",1
"hk_prevalence","ER","year",
"hk_prevalence","ER","longitude",
"hk_prevalence","ER","latitude",
"hk_prevalence","ER","hk_prevalence",
"hk_prevalence","ER","asc_prevalence",
"hk_prevalence","ER","tt_prevalence",
"hk_prevalence","ER","coordinates",
"asc_prevalence","ER","year",
"asc_prevalence","ER","longitude",
"asc_prevalence","ER","latitude",
"asc_prevalence","ER","hk_prevalence",
"asc_prevalence","ER","asc_prevalence",
"asc_prevalence","ER","tt_prevalence",
"asc_prevalence","ER","coordinates",
"tt_prevalence","ER","year",
"tt_prevalence","ER","longitude",
"tt_prevalence","ER","latitude",
"tt_prevalence","ER","hk_prevalence",
"tt_prevalence","ER","asc_prevalence",
"tt_prevalence","ER","tt_prevalence",
"tt_prevalence","ER","coordinates",
"coordinates","ER","year",
"coordinates","ER","longitude",
"coordinates","ER","latitude",1
"coordinates","ER","hk_prevalence",
"coordinates","ER","asc_prevalence",
"coordinates","ER","tt_prevalence",
"coordinates","ER","coordinates",1
"year","ET","year",1
"year","ET","longitude",0
"year","ET","latitude",0
"year","ET","hk_prevalence",0.1041
"year","ET","asc_prevalence",0.592
"year","ET","tt_prevalence",0.5871
"year","ET","coordinates",0
"longitude","ET","year",0
"longitude","ET","longitude",1
"longitude","ET","latitude",1
"longitude","ET","hk_prevalence",0
"longitude","ET","asc_prevalence",0
"longitude","ET","tt_prevalence",0
"longitude","ET","coordinates",1
"latitude","ET","year",0
"latitude","ET","longitude",1
"latitude","ET","latitude",1
"latitude","ET","hk_prevalence",0
"latitude","ET","asc_prevalence",0
"latitude","ET","tt_prevalence",0
"latitude","ET","coordinates",1
"hk_prevalence","ET","year",0.1041
"hk_prevalence","ET","longitude",0
"hk_prevalence","ET","latitude",0
"hk_prevalence","ET","hk_prevalence",1
"hk_prevalence","ET","asc_prevalence",0.05022
"hk_prevalence","ET","tt_prevalence",0
"hk_prevalence","ET","coordinates",0
"asc_prevalence","ET","year",0.592
"asc_prevalence","ET","longitude",0
"asc_prevalence","ET","latitude",0
"asc_prevalence","ET","hk_prevalence",0.05022
"asc_prevalence","ET","asc_prevalence",1
"asc_prevalence","ET","tt_prevalence",0.9659
"asc_prevalence","ET","coordinates",0
"tt_prevalence","ET","year",0.5871
"tt_prevalence","ET","longitude",0
"tt_prevalence","ET","latitude",0
"tt_prevalence","ET","hk_prevalence",0
"tt_prevalence","ET","asc_prevalence",0.9659
"tt_prevalence","ET","tt_prevalence",1
"tt_prevalence","ET","coordinates",0
"coordinates","ET","year",0
"coordinates","ET","longitude",1
"coordinates","ET","latitude",1
"coordinates","ET","hk_prevalence",0
"coordinates","ET","asc_prevalence",0
"coordinates","ET","tt_prevalence",0
"coordinates","ET","coordinates",1
"year","GA","year",1
"year","GA","longitude",0
"year","GA","latitude",0
"year","GA","hk_prevalence",
"year","GA","asc_prevalence",
"year","GA","tt_prevalence",
"year","GA","coordinates",0
"longitude","GA","year",0
"longitude","GA","longitude",1
"longitude","GA","latitude",0.9092
"longitude","GA","hk_prevalence",
"longitude","GA","asc_prevalence",
"longitude","GA","tt_prevalence",
"longitude","GA","coordinates",0.9092
"latitude","GA","year",0
"latitude","GA","longitude",0.9092
"latitude","GA","latitude",1
"latitude","GA","hk_prevalence",
"latitude","GA","asc_prevalence",
"latitude","GA","tt_prevalence",
"latitude","GA","coordinates",1
"hk_prevalence","GA","year",
"hk_prevalence","GA","longitude",
"hk_prevalence","GA","latitude",
"hk_prevalence","GA","hk_prevalence",
"hk_prevalence","GA","asc_prevalence",
"hk_prevalence","GA","tt_prevalence",
"hk_prevalence","GA","coordinates",
"asc_prevalence","GA","year",
"asc_prevalence","GA","longitude",
"asc_prevalence","GA","latitude",
"asc_prevalence","GA","hk_prevalence",
"asc_prevalence","GA","asc_prevalence",
"asc_prevalence","GA","tt_prevalence",
"asc_prevalence","GA","coordinates",
"tt_prevalence","GA","year",
"tt_prevalence","GA","longitude",
"tt_prevalence","GA","latitude",
"tt_prevalence","GA","hk_prevalence",
"tt_prevalence","GA","asc_prevalence",
"tt_prevalence","GA","tt_prevalence",
"tt_prevalence","GA","coordinates",
"coordinates","GA","year",0
"coordinates","GA","longitude",0.9092
"coordinates","GA","latitude",1
"coordinates","GA","hk_prevalence",
"coordinates","GA","asc_prevalence",
"coordinates","GA","tt_prevalence",
"coordinates","GA","coordinates",1
"year","GH","year",
"year","GH","longitude",
"year","GH","latitude",
"year","GH","hk_prevalence",
"year","GH","asc_prevalence",
"year","GH","tt_prevalence",
"year","GH","coordinates",
"longitude","GH","year",
"longitude","GH","longitude",1
"longitude","GH","latitude",0.6955
"longitude","GH","hk_prevalence",0
"longitude","GH","asc_prevalence",0.2983
"longitude","GH","tt_prevalence",0.2983
"longitude","GH","coordinates",0.6955
"latitude","GH","year",
"latitude","GH","longitude",0.6955
"latitude","GH","latitude",1
"latitude","GH","hk_prevalence",0
"latitude","GH","asc_prevalence",0.1429
"latitude","GH","tt_prevalence",0.1429
"latitude","GH","coordinates",1
"hk_prevalence","GH","year",
"hk_prevalence","GH","longitude",0
"hk_prevalence","GH","latitude",0
"hk_prevalence","GH","hk_prevalence",1
"hk_prevalence","GH","asc_prevalence",0.1964
"hk_prevalence","GH","tt_prevalence",0.1964
"hk_prevalence","GH","coordinates",0
"asc_prevalence","GH","year",
"asc_prevalence","GH","longitude",0.2983
"asc_prevalence","GH","latitude",0.1429
"asc_prevalence","GH","hk_prevalence",0.1964
"asc_prevalence","GH","asc_prevalence",1
"asc_prevalence","GH","tt_prevalence",1
"asc_prevalence","GH","coordinates",0.1429
"tt_prevalence","GH","year",
"tt_prevalence","GH","longitude",0.2983
"tt_prevalence","GH","latitude",0.1429
"tt_prevalence","GH","hk_prevalence",0.1964
"tt_prevalence","GH","asc_prevalence",1
"tt_prevalence","GH","tt_prevalence",1
"tt_prevalence","GH","coordinates",0.1429
"coordinates","GH","year",
"coordinates","GH","longitude",0.6955
"coordinates","GH","latitude",1
"coordinates","GH","hk_prevalence",0
"coordinates","GH","asc_prevalence",0.1429
"coordinates","GH","tt_prevalence",0.1429
"coordinates","GH","coordinates",1
"year","GM","year",
"year","GM","longitude",
"year","GM","latitude",
"year","GM","hk_prevalence",
"year","GM","asc_prevalence",
"year","GM","tt_prevalence",
"year","GM","coordinates",
"longitude","GM","year",
"longitude","GM","longitude",
"longitude","GM","latitude",
"longitude","GM","hk_prevalence",
"longitude","GM","asc_prevalence",
"longitude","GM","tt_prevalence",
"longitude","GM","coordinates",
"latitude","GM","year",
"latitude","GM","longitude",
"latitude","GM","latitude",1
"latitude","GM","hk_prevalence",0.03201
"latitude","GM","asc_prevalence",0.03201
"latitude","GM","tt_prevalence",0.03201
"latitude","GM","coordinates",1
"hk_prevalence","GM","year",
"hk_prevalence","GM","longitude",
"hk_prevalence","GM","latitude",0.03201
"hk_prevalence","GM","hk_prevalence",1
"hk_prevalence","GM","asc_prevalence",1
"hk_prevalence","GM","tt_prevalence",1
"hk_prevalence","GM","coordinates",0.03201
"asc_prevalence","GM","year",
"asc_prevalence","GM","longitude",
"asc_prevalence","GM","latitude",0.03201
"asc_prevalence","GM","hk_prevalence",1
"asc_prevalence","GM","asc_prevalence",1
"asc_prevalence","GM","tt_prevalence",1
"asc_prevalence","GM","coordinates",0.03201
"tt_prevalence","GM","year",
"tt_prevalence","GM","longitude",
"tt_prevalence","GM","latitude",0.03201
"tt_prevalence","GM","hk_prevalence",1
"tt_prevalence","GM","asc_prevalence",1
"tt_prevalence","GM","tt_prevalence",1
"tt_prevalence","GM","coordinates",0.03201
"coordinates","GM","year",
"coordinates","GM","longitude",
"coordinates","GM","latitude",1
"coordinates","GM","hk_prevalence",0.03201
"coordinates","GM","asc_prevalence",0.03201
"coordinates","GM","tt_prevalence",0.03201
"coordinates","GM","coordinates",1
"year","GN","year",1
"year","GN","longitude",0.2433
"year","GN","latitude",0.05397
"year","GN","hk_prevalence",
"year","GN","asc_prevalence",
"year","GN","tt_prevalence",
"year","GN","coordinates",0.05397
"longitude","GN","year",0.2433
"longitude","GN","longitude",1
"longitude","GN","latitude",0.536
"longitude","GN","hk_prevalence",
"longitude","GN","asc_prevalence",
"longitude","GN","tt_prevalence",
"longitude","GN","coordinates",0.536
"latitude","GN","year",0.05397
"latitude","GN","longitude",0.536
"latitude","GN","latitude",1
"latitude","GN","hk_prevalence",
"latitude","GN","asc_prevalence",
"latitude","GN","tt_prevalence",
"latitude","GN","coordinates",1
"hk_prevalence","GN","year",
"hk_prevalence","GN","longitude",
"hk_prevalence","GN","latitude",
"hk_prevalence","GN","hk_prevalence",
"hk_prevalence","GN","asc_prevalence",
"hk_prevalence","GN","tt_prevalence",
"hk_prevalence","GN","coordinates",
"asc_prevalence","GN","year",
"asc_prevalence","GN","longitude",
"asc_prevalence","GN","latitude",
"asc_prevalence","GN","hk_prevalence",
"asc_prevalence","GN","asc_prevalence",
"asc_prevalence","GN","tt_prevalence",
"asc_prevalence","GN","coordinates",
"tt_prevalence","GN","year",
"tt_prevalence","GN","longitude",
"tt_prevalence","GN","latitude",
"tt_prevalence","GN","hk_prevalence",
"tt_prevalence","GN","asc_prevalence",
"tt_prevalence","GN","tt_prevalence",
"tt_prevalence","GN","coordinates",
"coordinates","GN","year",0.05397
"coordinates","GN","longitude",0.536
"coordinates","GN","latitude",1
"coordinates","GN","hk_prevalence",
"coordinates","GN","asc_prevalence",
"coordinates","GN","tt_prevalence",
"coordinates","GN","coordinates",1
"year","GW","year",1
"year","GW","longitude",0.2165
"year","GW","latitude",0.4359
"year","GW","hk_prevalence",0.6175
"year","GW","asc_prevalence",0.634
"year","GW","tt_prevalence",0.634
"year","GW","coordinates",0.4359
"longitude","GW","year",0.2165
"longitude","GW","longitude",1
"longitude","GW","latitude",0.4551
"longitude","GW","hk_prevalence",0.3428
"longitude","GW","asc_prevalence",0.3523
"longitude","GW","tt_prevalence",0.3523
"longitude","GW","coordinates",0.4551
"latitude","GW","year",0.4359
"latitude","GW","longitude",0.4551
"latitude","GW","latitude",1
"latitude","GW","hk_prevalence",0.7594
"latitude","GW","asc_prevalence",0.7796
"latitude","GW","tt_prevalence",0.7796
"latitude","GW","coordinates",1
"hk_prevalence","GW","year",0.6175
"hk_prevalence","GW","longitude",0.3428
"hk_prevalence","GW","latitude",0.7594
"hk_prevalence","GW","hk_prevalence",1
"hk_prevalence","GW","asc_prevalence",0.9742
"hk_prevalence","GW","tt_prevalence",0.9742
"hk_prevalence","GW","coordinates",0.7594
"asc_prevalence","GW","year",0.634
"asc_prevalence","GW","longitude",0.3523
"asc_prevalence","GW","latitude",0.7796
"asc_prevalence","GW","hk_prevalence",0.9742
"asc_prevalence","GW","asc_prevalence",1
"asc_prevalence","GW","tt_prevalence",1
"asc_prevalence","GW","coordinates",0.7796
"tt_prevalence","GW","year",0.634
"tt_prevalence","GW","longitude",0.3523
"tt_prevalence","GW","latitude",0.7796
"tt_prevalence","GW","hk_prevalence",0.9742
"tt_prevalence","GW","asc_prevalence",1
"tt_prevalence","GW","tt_prevalence",1
"tt_prevalence","GW","coordinates",0.7796
"coordinates","GW","year",0.4359
"coordinates","GW","longitude",0.4551
"coordinates","GW","latitude",1
"coordinates","GW","hk_prevalence",0.7594
"coordinates","GW","asc_prevalence",0.7796
"coordinates","GW","tt_prevalence",0.7796
"coordinates","GW","coordinates",1
"year","KE","year",1
"year","KE","longitude",0
"year","KE","latitude",0.0489
"year","KE","hk_prevalence",0
"year","KE","asc_prevalence",0
"year","KE","tt_prevalence",0
"year","KE","coordinates",0.0489
"longitude","KE","year",0
"longitude","KE","longitude",1
"longitude","KE","latitude",0.9103
"longitude","KE","hk_prevalence",0
"longitude","KE","asc_prevalence",0
"longitude","KE","tt_prevalence",0
"longitude","KE","coordinates",0.9103
"latitude","KE","year",0.0489
"latitude","KE","longitude",0.9103
"latitude","KE","latitude",1
"latitude","KE","hk_prevalence",0.01085
"latitude","KE","asc_prevalence",0
"latitude","KE","tt_prevalence",0.01686
"latitude","KE","coordinates",1
"hk_prevalence","KE","year",0
"hk_prevalence","KE","longitude",0
"hk_prevalence","KE","latitude",0.01085
"hk_prevalence","KE","hk_prevalence",1
"hk_prevalence","KE","asc_prevalence",0.02678
"hk_prevalence","KE","tt_prevalence",0.04521
"hk_prevalence","KE","coordinates",0.01085
"asc_prevalence","KE","year",0
"asc_prevalence","KE","longitude",0
"asc_prevalence","KE","latitude",0
"asc_prevalence","KE","hk_prevalence",0.02678
"asc_prevalence","KE","asc_prevalence",1
"asc_prevalence","KE","tt_prevalence",0.2809
"asc_prevalence","KE","coordinates",0
"tt_prevalence","KE","year",0
"tt_prevalence","KE","longitude",0
"tt_prevalence","KE","latitude",0.01686
"tt_prevalence","KE","hk_prevalence",0.04521
"tt_prevalence","KE","asc_prevalence",0.2809
"tt_prevalence","KE","tt_prevalence",1
"tt_prevalence","KE","coordinates",0.01686
"coordinates","KE","year",0.0489
"coordinates","KE","longitude",0.9103
"coordinates","KE","latitude",1
"coordinates","KE","hk_prevalence",0.01085
"coordinates","KE","asc_prevalence",0
"coordinates","KE","tt_prevalence",0.01686
"coordinates","KE","coordinates",1
"year","LR","year",
"year","LR","longitude",
"year","LR","latitude",
"year","LR","hk_prevalence",
"year","LR","asc_prevalence",
"year","LR","tt_prevalence",
"year","LR","coordinates",
"longitude","LR","year",
"longitude","LR","longitude",1
"longitude","LR","latitude",0.8365
"longitude","LR","hk_prevalence",0
"longitude","LR","asc_prevalence",0
"longitude","LR","tt_prevalence",0
"longitude","LR","coordinates",0.8365
"latitude","LR","year",
"latitude","LR","longitude",0.8365
"latitude","LR","latitude",1
"latitude","LR","hk_prevalence",0.2098
"latitude","LR","asc_prevalence",0.2098
"latitude","LR","tt_prevalence",0.2575
"latitude","LR","coordinates",1
"hk_prevalence","LR","year",
"hk_prevalence","LR","longitude",0
"hk_prevalence","LR","latitude",0.2098
"hk_prevalence","LR","hk_prevalence",1
"hk_prevalence","LR","asc_prevalence",0.4991
"hk_prevalence","LR","tt_prevalence",0.407
"hk_prevalence","LR","coordinates",0.2098
"asc_prevalence","LR","year",
"asc_prevalence","LR","longitude",0
"asc_prevalence","LR","latitude",0.2098
"asc_prevalence","LR","hk_prevalence",0.4991
"asc_prevalence","LR","asc_prevalence",1
"asc_prevalence","LR","tt_prevalence",0
"asc_prevalence","LR","coordinates",0.2098
"tt_prevalence","LR","year",
"tt_prevalence","LR","longitude",0
"tt_prevalence","LR","latitude",0.2575
"tt_prevalence","LR","hk_prevalence",0.407
"tt_prevalence","LR","asc_prevalence",0
"tt_prevalence","LR","tt_prevalence",1
"tt_prevalence","LR","coordinates",0.2575
"coordinates","LR","year",
"coordinates","LR","longitude",0.8365
"coordinates","LR","latitude",1
"coordinates","LR","hk_prevalence",0.2098
"coordinates","LR","asc_prevalence",0.2098
"coordinates","LR","tt_prevalence",0.2575
"coordinates","LR","coordinates",1
"year","LS","year",
"year","LS","longitude",
"year","LS","latitude",
"year","LS","hk_prevalence",
"year","LS","asc_prevalence",
"year","LS","tt_prevalence",
"year","LS","coordinates",
"longitude","LS","year",
"longitude","LS","longitude",
"longitude","LS","latitude",
"longitude","LS","hk_prevalence",
"longitude","LS","asc_prevalence",
"longitude","LS","tt_prevalence",
"longitude","LS","coordinates",
"latitude","LS","year",
"latitude","LS","longitude",
"latitude","LS","latitude",1
"latitude","LS","hk_prevalence",
"latitude","LS","asc_prevalence",
"latitude","LS","tt_prevalence",
"latitude","LS","coordinates",1
"hk_prevalence","LS","year",
"hk_prevalence","LS","longitude",
"hk_prevalence","LS","latitude",
"hk_prevalence","LS","hk_prevalence",
"hk_prevalence","LS","asc_prevalence",
"hk_prevalence","LS","tt_prevalence",
"hk_prevalence","LS","coordinates",
"asc_prevalence","LS","year",
"asc_prevalence","LS","longitude",
"asc_prevalence","LS","latitude",
"asc_prevalence","LS","hk_prevalence",
"asc_prevalence","LS","asc_prevalence",
"asc_prevalence","LS","tt_prevalence",
"asc_prevalence","LS","coordinates",
"tt_prevalence","LS","year",
"tt_prevalence","LS","longitude",
"tt_prevalence","LS","latitude",
"tt_prevalence","LS","hk_prevalence",
"tt_prevalence","LS","asc_prevalence",
"tt_prevalence","LS","tt_prevalence",
"tt_prevalence","LS","coordinates",
"coordinates","LS","year",
"coordinates","LS","longitude",
"coordinates","LS","latitude",1
"coordinates","LS","hk_prevalence",
"coordinates","LS","asc_prevalence",
"coordinates","LS","tt_prevalence",
"coordinates","LS","coordinates",1
"year","MG","year",1
"year","MG","longitude",0
"year","MG","latitude",0
"year","MG","hk_prevalence",0
"year","MG","asc_prevalence",0
"year","MG","tt_prevalence",0
"year","MG","coordinates",0
"longitude","MG","year",0
"longitude","MG","longitude",1
"longitude","MG","latitude",0.6585
"longitude","MG","hk_prevalence",0
"longitude","MG","asc_prevalence",0
"longitude","MG","tt_prevalence",0
"longitude","MG","coordinates",0.6585
"latitude","MG","year",0
"latitude","MG","longitude",0.6585
"latitude","MG","latitude",1
"latitude","MG","hk_prevalence",0
"latitude","MG","asc_prevalence",0
"latitude","MG","tt_prevalence",0
"latitude","MG","coordinates",1
"hk_prevalence","MG","year",0
"hk_prevalence","MG","longitude",0
"hk_prevalence","MG","latitude",0
"hk_prevalence","MG","hk_prevalence",1
"hk_prevalence","MG","asc_prevalence",0
"hk_prevalence","MG","tt_prevalence",0.3088
"hk_prevalence","MG","coordinates",0
"asc_prevalence","MG","year",0
"asc_prevalence","MG","longitude",0
"asc_prevalence","MG","latitude",0
"asc_prevalence","MG","hk_prevalence",0
"asc_prevalence","MG","asc_prevalence",1
"asc_prevalence","MG","tt_prevalence",0.511
"asc_prevalence","MG","coordinates",0
"tt_prevalence","MG","year",0
"tt_prevalence","MG","longitude",0
"tt_prevalence","MG","latitude",0
"tt_prevalence","MG","hk_prevalence",0.3088
"tt_prevalence","MG","asc_prevalence",0.511
"tt_prevalence","MG","tt_prevalence",1
"tt_prevalence","MG","coordinates",0
"coordinates","MG","year",0
"coordinates","MG","longitude",0.6585
"coordinates","MG","latitude",1
"coordinates","MG","hk_prevalence",0
"coordinates","MG","asc_prevalence",0
"coordinates","MG","tt_prevalence",0
"coordinates","MG","coordinates",1
"year","ML","year",1
"year","ML","longitude",0
"year","ML","latitude",0
"year","ML","hk_prevalence",
"year","ML","asc_prevalence",0.3014
"year","ML","tt_prevalence",0.3014
"year","ML","coordinates",0
"longitude","ML","year",0
"longitude","ML","longitude",1
"longitude","ML","latitude",1
"longitude","ML","hk_prevalence",
"longitude","ML","asc_prevalence",0
"longitude","ML","tt_prevalence",0
"longitude","ML","coordinates",1
"latitude","ML","year",0
"latitude","ML","longitude",1
"latitude","ML","latitude",1
"latitude","ML","hk_prevalence",
"latitude","ML","asc_prevalence",0
"latitude","ML","tt_prevalence",0
"latitude","ML","coordinates",1
"hk_prevalence","ML","year",
"hk_prevalence","ML","longitude",
"hk_prevalence","ML","latitude",
"hk_prevalence","ML","hk_prevalence",
"hk_prevalence","ML","asc_prevalence",
"hk_prevalence","ML","tt_prevalence",
"hk_prevalence","ML","coordinates",
"asc_prevalence","ML","year",0.3014
"asc_prevalence","ML","longitude",0
"asc_prevalence","ML","latitude",0
"asc_prevalence","ML","hk_prevalence",
"asc_prevalence","ML","asc_prevalence",1
"asc_prevalence","ML","tt_prevalence",1
"asc_prevalence","ML","coordinates",0
"tt_prevalence","ML","year",0.3014
"tt_prevalence","ML","longitude",0
"tt_prevalence","ML","latitude",0
"tt_prevalence","ML","hk_prevalence",
"tt_prevalence","ML","asc_prevalence",1
"tt_prevalence","ML","tt_prevalence",1
"tt_prevalence","ML","coordinates",0
"coordinates","ML","year",0
"coordinates","ML","longitude",1
"coordinates","ML","latitude",1
"coordinates","ML","hk_prevalence",
"coordinates","ML","asc_prevalence",0
"coordinates","ML","tt_prevalence",0
"coordinates","ML","coordinates",1
"year","MR","year",
"year","MR","longitude",
"year","MR","latitude",
"year","MR","hk_prevalence",
"year","MR","asc_prevalence",
"year","MR","tt_prevalence",
"year","MR","coordinates",
"longitude","MR","year",
"longitude","MR","longitude",1
"longitude","MR","latitude",0.8451
"longitude","MR","hk_prevalence",0
"longitude","MR","asc_prevalence",0
"longitude","MR","tt_prevalence",0
"longitude","MR","coordinates",0.8451
"latitude","MR","year",
"latitude","MR","longitude",0.8451
"latitude","MR","latitude",1
"latitude","MR","hk_prevalence",0
"latitude","MR","asc_prevalence",0
"latitude","MR","tt_prevalence",0
"latitude","MR","coordinates",1
"hk_prevalence","MR","year",
"hk_prevalence","MR","longitude",0
"hk_prevalence","MR","latitude",0
"hk_prevalence","MR","hk_prevalence",1
"hk_prevalence","MR","asc_prevalence",1
"hk_prevalence","MR","tt_prevalence",1
"hk_prevalence","MR","coordinates",0
"asc_prevalence","MR","year",
"asc_prevalence","MR","longitude",0
"asc_prevalence","MR","latitude",0
"asc_prevalence","MR","hk_prevalence",1
"asc_prevalence","MR","asc_prevalence",1
"asc_prevalence","MR","tt_prevalence",1
"asc_prevalence","MR","coordinates",0
"tt_prevalence","MR","year",
"tt_prevalence","MR","longitude",0
"tt_prevalence","MR","latitude",0
"tt_prevalence","MR","hk_prevalence",1
"tt_prevalence","MR","asc_prevalence",1
"tt_prevalence","MR","tt_prevalence",1
"tt_prevalence","MR","coordinates",0
"coordinates","MR","year",
"coordinates","MR","longitude",0.8451
"coordinates","MR","latitude",1
"coordinates","MR","hk_prevalence",0
"coordinates","MR","asc_prevalence",0
"coordinates","MR","tt_prevalence",0
"coordinates","MR","coordinates",1
"year","MU","year",
"year","MU","longitude",
"year","MU","latitude",
"year","MU","hk_prevalence",
"year","MU","asc_prevalence",
"year","MU","tt_prevalence",
"year","MU","coordinates",
"longitude","MU","year",
"longitude","MU","longitude",1
"longitude","MU","latitude",0.6919
"longitude","MU","hk_prevalence",
"longitude","MU","asc_prevalence",
"longitude","MU","tt_prevalence",
"longitude","MU","coordinates",0.6919
"latitude","MU","year",
"latitude","MU","longitude",0.6919
"latitude","MU","latitude",1
"latitude","MU","hk_prevalence",
"latitude","MU","asc_prevalence",
"latitude","MU","tt_prevalence",
"latitude","MU","coordinates",1
"hk_prevalence","MU","year",
"hk_prevalence","MU","longitude",
"hk_prevalence","MU","latitude",
"hk_prevalence","MU","hk_prevalence",
"hk_prevalence","MU","asc_prevalence",
"hk_prevalence","MU","tt_prevalence",
"hk_prevalence","MU","coordinates",
"asc_prevalence","MU","year",
"asc_prevalence","MU","longitude",
"asc_prevalence","MU","latitude",
"asc_prevalence","MU","hk_prevalence",
"asc_prevalence","MU","asc_prevalence",
"asc_prevalence","MU","tt_prevalence",
"asc_prevalence","MU","coordinates",
"tt_prevalence","MU","year",
"tt_prevalence","MU","longitude",
"tt_prevalence","MU","latitude",
"tt_prevalence","MU","hk_prevalence",
"tt_prevalence","MU","asc_prevalence",
"tt_prevalence","MU","tt_prevalence",
"tt_prevalence","MU","coordinates",
"coordinates","MU","year",
"coordinates","MU","longitude",0.6919
"coordinates","MU","latitude",1
"coordinates","MU","hk_prevalence",
"coordinates","MU","asc_prevalence",
"coordinates","MU","tt_prevalence",
"coordinates","MU","coordinates",1
"year","MW","year",
"year","MW","longitude",
"year","MW","latitude",
"year","MW","hk_prevalence",
"year","MW","asc_prevalence",
"year","MW","tt_prevalence",
"year","MW","coordinates",
"longitude","MW","year",
"longitude","MW","longitude",1
"longitude","MW","latitude",0.5452
"longitude","MW","hk_prevalence",0
"longitude","MW","asc_prevalence",0
"longitude","MW","tt_prevalence",0
"longitude","MW","coordinates",0.5452
"latitude","MW","year",
"latitude","MW","longitude",0.5452
"latitude","MW","latitude",1
"latitude","MW","hk_prevalence",0
"latitude","MW","asc_prevalence",0
"latitude","MW","tt_prevalence",0
"latitude","MW","coordinates",1
"hk_prevalence","MW","year",
"hk_prevalence","MW","longitude",0
"hk_prevalence","MW","latitude",0
"hk_prevalence","MW","hk_prevalence",1
"hk_prevalence","MW","asc_prevalence",0
"hk_prevalence","MW","tt_prevalence",0.4985
"hk_prevalence","MW","coordinates",0
"asc_prevalence","MW","year",
"asc_prevalence","MW","longitude",0
"asc_prevalence","MW","latitude",0
"asc_prevalence","MW","hk_prevalence",0
"asc_prevalence","MW","asc_prevalence",1
"asc_prevalence","MW","tt_prevalence",0.5272
"asc_prevalence","MW","coordinates",0
"tt_prevalence","MW","year",
"tt_prevalence","MW","longitude",0
"tt_prevalence","MW","latitude",0
"tt_prevalence","MW","hk_prevalence",0.4985
"tt_prevalence","MW","asc_prevalence",0.5272
"tt_prevalence","MW","tt_prevalence",1
"tt_prevalence","MW","coordinates",0
"coordinates","MW","year",
"coordinates","MW","longitude",0.5452
"coordinates","MW","latitude",1
"coordinates","MW","hk_prevalence",0
"coordinates","MW","asc_prevalence",0
"coordinates","MW","tt_prevalence",0
"coordinates","MW","coordinates",1
"year","MZ","year",1
"year","MZ","longitude",0.05945
"year","MZ","latitude",0
"year","MZ","hk_prevalence",0.1098
"year","MZ","asc_prevalence",0.07697
"year","MZ","tt_prevalence",0.05372
"year","MZ","coordinates",0
"longitude","MZ","year",0.05945
"longitude","MZ","longitude",1
"longitude","MZ","latitude",0.4764
"longitude","MZ","hk_prevalence",0.1002
"longitude","MZ","asc_prevalence",0.1498
"longitude","MZ","tt_prevalence",0.1952
"longitude","MZ","coordinates",0.4764
"latitude","MZ","year",0
"latitude","MZ","longitude",0.4764
"latitude","MZ","latitude",1
"latitude","MZ","hk_prevalence",0
"latitude","MZ","asc_prevalence",0.01039
"latitude","MZ","tt_prevalence",0.06426
"latitude","MZ","coordinates",1
"hk_prevalence","MZ","year",0.1098
"hk_prevalence","MZ","longitude",0.1002
"hk_prevalence","MZ","latitude",0
"hk_prevalence","MZ","hk_prevalence",1
"hk_prevalence","MZ","asc_prevalence",0.5084
"hk_prevalence","MZ","tt_prevalence",0.628
"hk_prevalence","MZ","coordinates",0
"asc_prevalence","MZ","year",0.07697
"asc_prevalence","MZ","longitude",0.1498
"asc_prevalence","MZ","latitude",0.01039
"asc_prevalence","MZ","hk_prevalence",0.5084
"asc_prevalence","MZ","asc_prevalence",1
"asc_prevalence","MZ","tt_prevalence",0.8146
"asc_prevalence","MZ","coordinates",0.01039
"tt_prevalence","MZ","year",0.05372
"tt_prevalence","MZ","longitude",0.1952
"tt_prevalence","MZ","latitude",0.06426
"tt_prevalence","MZ","hk_prevalence",0.628
"tt_prevalence","MZ","asc_prevalence",0.8146
"tt_prevalence","MZ","tt_prevalence",1
"tt_prevalence","MZ","coordinates",0.06426
"coordinates","MZ","year",0
"coordinates","MZ","longitude",0.4764
"coordinates","MZ","latitude",1
"coordinates","MZ","hk_prevalence",0
"coordinates","MZ","asc_prevalence",0.01039
"coordinates","MZ","tt_prevalence",0.06426
"coordinates","MZ","coordinates",1
"year","NE","year",1
"year","NE","longitude",0.2259
"year","NE","latitude",0.07546
"year","NE","hk_prevalence",0.0333
"year","NE","asc_prevalence",
"year","NE","tt_prevalence",0
"year","NE","coordinates",0.07546
"longitude","NE","year",0.2259
"longitude","NE","longitude",1
"longitude","NE","latitude",0.8322
"longitude","NE","hk_prevalence",0
"longitude","NE","asc_prevalence",
"longitude","NE","tt_prevalence",0.06548
"longitude","NE","coordinates",0.8322
"latitude","NE","year",0.07546
"latitude","NE","longitude",0.8322
"latitude","NE","latitude",1
"latitude","NE","hk_prevalence",0.03663
"latitude","NE","asc_prevalence",
"latitude","NE","tt_prevalence",0.05039
"latitude","NE","coordinates",1
"hk_prevalence","NE","year",0.0333
"hk_prevalence","NE","longitude",0
"hk_prevalence","NE","latitude",0.03663
"hk_prevalence","NE","hk_prevalence",1
"hk_prevalence","NE","asc_prevalence",
"hk_prevalence","NE","tt_prevalence",0.4434
"hk_prevalence","NE","coordinates",0.03663
"asc_prevalence","NE","year",
"asc_prevalence","NE","longitude",
"asc_prevalence","NE","latitude",
"asc_prevalence","NE","hk_prevalence",
"asc_prevalence","NE","asc_prevalence",
"asc_prevalence","NE","tt_prevalence",
"asc_prevalence","NE","coordinates",
"tt_prevalence","NE","year",0
"tt_prevalence","NE","longitude",0.06548
"tt_prevalence","NE","latitude",0.05039
"tt_prevalence","NE","hk_prevalence",0.4434
"tt_prevalence","NE","asc_prevalence",
"tt_prevalence","NE","tt_prevalence",1
"tt_prevalence","NE","coordinates",0.05039
"coordinates","NE","year",0.07546
"coordinates","NE","longitude",0.8322
"coordinates","NE","latitude",1
"coordinates","NE","hk_prevalence",0.03663
"coordinates","NE","asc_prevalence",
"coordinates","NE","tt_prevalence",0.05039
"coordinates","NE","coordinates",1
"year","NG","year",1
"year","NG","longitude",0.0595
"year","NG","latitude",0.1571
"year","NG","hk_prevalence",0
"year","NG","asc_prevalence",0.0943
"year","NG","tt_prevalence",0.06266
"year","NG","coordinates",0.1571
"longitude","NG","year",0.0595
"longitude","NG","longitude",1
"longitude","NG","latitude",0.5911
"longitude","NG","hk_prevalence",0
"longitude","NG","asc_prevalence",0.216
"longitude","NG","tt_prevalence",0.2476
"longitude","NG","coordinates",0.5911
"latitude","NG","year",0.1571
"latitude","NG","longitude",0.5911
"latitude","NG","latitude",1
"latitude","NG","hk_prevalence",0
"latitude","NG","asc_prevalence",0.1164
"latitude","NG","tt_prevalence",0.1264
"latitude","NG","coordinates",1
"hk_prevalence","NG","year",0
"hk_prevalence","NG","longitude",0
"hk_prevalence","NG","latitude",0
"hk_prevalence","NG","hk_prevalence",1
"hk_prevalence","NG","asc_prevalence",0
"hk_prevalence","NG","tt_prevalence",0.498
"hk_prevalence","NG","coordinates",0
"asc_prevalence","NG","year",0.0943
"asc_prevalence","NG","longitude",0.216
"asc_prevalence","NG","latitude",0.1164
"asc_prevalence","NG","hk_prevalence",0
"asc_prevalence","NG","asc_prevalence",1
"asc_prevalence","NG","tt_prevalence",0.572
"asc_prevalence","NG","coordinates",0.1164
"tt_prevalence","NG","year",0.06266
"tt_prevalence","NG","longitude",0.2476
"tt_prevalence","NG","latitude",0.1264
"tt_prevalence","NG","hk_prevalence",0.498
"tt_prevalence","NG","asc_prevalence",0.572
"tt_prevalence","NG","tt_prevalence",1
"tt_prevalence","NG","coordinates",0.1264
"coordinates","NG","year",0.1571
"coordinates","NG","longitude",0.5911
"coordinates","NG","latitude",1
"coordinates","NG","hk_prevalence",0
"coordinates","NG","asc_prevalence",0.1164
"coordinates","NG","tt_prevalence",0.1264
"coordinates","NG","coordinates",1
"year","RW","year",
"year","RW","longitude",
"year","RW","latitude",
"year","RW","hk_prevalence",
"year","RW","asc_prevalence",
"year","RW","tt_prevalence",
"year","RW","coordinates",
"longitude","RW","year",
"longitude","RW","longitude",
"longitude","RW","latitude",
"longitude","RW","hk_prevalence",
"longitude","RW","asc_prevalence",
"longitude","RW","tt_prevalence",
"longitude","RW","coordinates",
"latitude","RW","year",
"latitude","RW","longitude",
"latitude","RW","latitude",1
"latitude","RW","hk_prevalence",0
"latitude","RW","asc_prevalence",
"latitude","RW","tt_prevalence",0
"latitude","RW","coordinates",1
"hk_prevalence","RW","year",
"hk_prevalence","RW","longitude",
"hk_prevalence","RW","latitude",0
"hk_prevalence","RW","hk_prevalence",1
"hk_prevalence","RW","asc_prevalence",
"hk_prevalence","RW","tt_prevalence",0.9947
"hk_prevalence","RW","coordinates",0
"asc_prevalence","RW","year",
"asc_prevalence","RW","longitude",
"asc_prevalence","RW","latitude",
"asc_prevalence","RW","hk_prevalence",
"asc_prevalence","RW","asc_prevalence",
"asc_prevalence","RW","tt_prevalence",
"asc_prevalence","RW","coordinates",
"tt_prevalence","RW","year",
"tt_prevalence","RW","longitude",
"tt_prevalence","RW","latitude",0
"tt_prevalence","RW","hk_prevalence",0.9947
"tt_prevalence","RW","asc_prevalence",
"tt_prevalence","RW","tt_prevalence",1
"tt_prevalence","RW","coordinates",0
"coordinates","RW","year",
"coordinates","RW","longitude",
"coordinates","RW","latitude",1
"coordinates","RW","hk_prevalence",0
"coordinates","RW","asc_prevalence",
"coordinates","RW","tt_prevalence",0
"coordinates","RW","coordinates",1
"year","SC","year",
"year","SC","longitude",
"year","SC","latitude",
"year","SC","hk_prevalence",
"year","SC","asc_prevalence",
"year","SC","tt_prevalence",
"year","SC","coordinates",
"longitude","SC","year",
"longitude","SC","longitude",1
"longitude","SC","latitude",1
"longitude","SC","hk_prevalence",
"longitude","SC","asc_prevalence",
"longitude","SC","tt_prevalence",
"longitude","SC","coordinates",1
"latitude","SC","year",
"latitude","SC","longitude",1
"latitude","SC","latitude",1
"latitude","SC","hk_prevalence",
"latitude","SC","asc_prevalence",
"latitude","SC","tt_prevalence",
"latitude","SC","coordinates",1
"hk_prevalence","SC","year",
"hk_prevalence","SC","longitude",
"hk_prevalence","SC","latitude",
"hk_prevalence","SC","hk_prevalence",
"hk_prevalence","SC","asc_prevalence",
"hk_prevalence","SC","tt_prevalence",
"hk_prevalence","SC","coordinates",
"asc_prevalence","SC","year",
"asc_prevalence","SC","longitude",
"asc_prevalence","SC","latitude",
"asc_prevalence","SC","hk_prevalence",
"asc_prevalence","SC","asc_prevalence",
"asc_prevalence","SC","tt_prevalence",
"asc_prevalence","SC","coordinates",
"tt_prevalence","SC","year",
"tt_prevalence","SC","longitude",
"tt_prevalence","SC","latitude",
"tt_prevalence","SC","hk_prevalence",
"tt_prevalence","SC","asc_prevalence",
"tt_prevalence","SC","tt_prevalence",
"tt_prevalence","SC","coordinates",
"coordinates","SC","year",
"coordinates","SC","longitude",1
"coordinates","SC","latitude",1
"coordinates","SC","hk_prevalence",
"coordinates","SC","asc_prevalence",
"coordinates","SC","tt_prevalence",
"coordinates","SC","coordinates",1
"year","SD","year",
"year","SD","longitude",
"year","SD","latitude",
"year","SD","hk_prevalence",
"year","SD","asc_prevalence",
"year","SD","tt_prevalence",
"year","SD","coordinates",
"longitude","SD","year",
"longitude","SD","longitude",
"longitude","SD","latitude",
"longitude","SD","hk_prevalence",
"longitude","SD","asc_prevalence",
"longitude","SD","tt_prevalence",
"longitude","SD","coordinates",
"latitude","SD","year",
"latitude","SD","longitude",
"latitude","SD","latitude",
"latitude","SD","hk_prevalence",
"latitude","SD","asc_prevalence",
"latitude","SD","tt_prevalence",
"latitude","SD","coordinates",
"hk_prevalence","SD","year",
"hk_prevalence","SD","longitude",
"hk_prevalence","SD","latitude",
"hk_prevalence","SD","hk_prevalence",
"hk_prevalence","SD","asc_prevalence",
"hk_prevalence","SD","tt_prevalence",
"hk_prevalence","SD","coordinates",
"asc_prevalence","SD","year",
"asc_prevalence","SD","longitude",
"asc_prevalence","SD","latitude",
"asc_prevalence","SD","hk_prevalence",
"asc_prevalence","SD","asc_prevalence",
"asc_prevalence","SD","tt_prevalence",
"asc_prevalence","SD","coordinates",
"tt_prevalence","SD","year",
"tt_prevalence","SD","longitude",
"tt_prevalence","SD","latitude",
"tt_prevalence","SD","hk_prevalence",
"tt_prevalence","SD","asc_prevalence",
"tt_prevalence","SD","tt_prevalence",
"tt_prevalence","SD","coordinates",
"coordinates","SD","year",
"coordinates","SD","longitude",
"coordinates","SD","latitude",
"coordinates","SD","hk_prevalence",
"coordinates","SD","asc_prevalence",
"coordinates","SD","tt_prevalence",
"coordinates","SD","coordinates",
"year","SL","year",1
"year","SL","longitude",0.04396
"year","SL","latitude",0.04396
"year","SL","hk_prevalence",
"year","SL","asc_prevalence",
"year","SL","tt_prevalence",
"year","SL","coordinates",0.04396
"longitude","SL","year",0.04396
"longitude","SL","longitude",1
"longitude","SL","latitude",1
"longitude","SL","hk_prevalence",
"longitude","SL","asc_prevalence",
"longitude","SL","tt_prevalence",
"longitude","SL","coordinates",1
"latitude","SL","year",0.04396
"latitude","SL","longitude",1
"latitude","SL","latitude",1
"latitude","SL","hk_prevalence",
"latitude","SL","asc_prevalence",
"latitude","SL","tt_prevalence",
"latitude","SL","coordinates",1
"hk_prevalence","SL","year",
"hk_prevalence","SL","longitude",
"hk_prevalence","SL","latitude",
"hk_prevalence","SL","hk_prevalence",
"hk_prevalence","SL","asc_prevalence",
"hk_prevalence","SL","tt_prevalence",
"hk_prevalence","SL","coordinates",
"asc_prevalence","SL","year",
"asc_prevalence","SL","longitude",
"asc_prevalence","SL","latitude",
"asc_prevalence","SL","hk_prevalence",
"asc_prevalence","SL","asc_prevalence",
"asc_prevalence","SL","tt_prevalence",
"asc_prevalence","SL","coordinates",
"tt_prevalence","SL","year",
"tt_prevalence","SL","longitude",
"tt_prevalence","SL","latitude",
"tt_prevalence","SL","hk_prevalence",
"tt_prevalence","SL","asc_prevalence",
"tt_prevalence","SL","tt_prevalence",
"tt_prevalence","SL","coordinates",
"coordinates","SL","year",0.04396
"coordinates","SL","longitude",1
"coordinates","SL","latitude",1
"coordinates","SL","hk_prevalence",
"coordinates","SL","asc_prevalence",
"coordinates","SL","tt_prevalence",
"coordinates","SL","coordinates",1
"year","SN","year",1
"year","SN","longitude",0
"year","SN","latitude",0.1398
"year","SN","hk_prevalence",0.4596
"year","SN","asc_prevalence",0.494
"year","SN","tt_prevalence",0.494
"year","SN","coordinates",0.1398
"longitude","SN","year",0
"longitude","SN","longitude",1
"longitude","SN","latitude",0.828
"longitude","SN","hk_prevalence",0.1893
"longitude","SN","asc_prevalence",0.2115
"longitude","SN","tt_prevalence",0.2115
"longitude","SN","coordinates",0.828
"latitude","SN","year",0.1398
"latitude","SN","longitude",0.828
"latitude","SN","latitude",1
"latitude","SN","hk_prevalence",0.3798
"latitude","SN","asc_prevalence",0.4103
"latitude","SN","tt_prevalence",0.4103
"latitude","SN","coordinates",1
"hk_prevalence","SN","year",0.4596
"hk_prevalence","SN","longitude",0.1893
"hk_prevalence","SN","latitude",0.3798
"hk_prevalence","SN","hk_prevalence",1
"hk_prevalence","SN","asc_prevalence",0.9457
"hk_prevalence","SN","tt_prevalence",0.9457
"hk_prevalence","SN","coordinates",0.3798
"asc_prevalence","SN","year",0.494
"asc_prevalence","SN","longitude",0.2115
"asc_prevalence","SN","latitude",0.4103
"asc_prevalence","SN","hk_prevalence",0.9457
"asc_prevalence","SN","asc_prevalence",1
"asc_prevalence","SN","tt_prevalence",1
"asc_prevalence","SN","coordinates",0.4103
"tt_prevalence","SN","year",0.494
"tt_prevalence","SN","longitude",0.2115
"tt_prevalence","SN","latitude",0.4103
"tt_prevalence","SN","hk_prevalence",0.9457
"tt_prevalence","SN","asc_prevalence",1
"tt_prevalence","SN","tt_prevalence",1
"tt_prevalence","SN","coordinates",0.4103
"coordinates","SN","year",0.1398
"coordinates","SN","longitude",0.828
"coordinates","SN","latitude",1
"coordinates","SN","hk_prevalence",0.3798
"coordinates","SN","asc_prevalence",0.4103
"coordinates","SN","tt_prevalence",0.4103
"coordinates","SN","coordinates",1
"year","SO","year",
"year","SO","longitude",
"year","SO","latitude",
"year","SO","hk_prevalence",
"year","SO","asc_prevalence",
"year","SO","tt_prevalence",
"year","SO","coordinates",
"longitude","SO","year",
"longitude","SO","longitude",1
"longitude","SO","latitude",
"longitude","SO","hk_prevalence",
"longitude","SO","asc_prevalence",
"longitude","SO","tt_prevalence",
"longitude","SO","coordinates",
"latitude","SO","year",
"latitude","SO","longitude",
"latitude","SO","latitude",
"latitude","SO","hk_prevalence",
"latitude","SO","asc_prevalence",
"latitude","SO","tt_prevalence",
"latitude","SO","coordinates",
"hk_prevalence","SO","year",
"hk_prevalence","SO","longitude",
"hk_prevalence","SO","latitude",
"hk_prevalence","SO","hk_prevalence",
"hk_prevalence","SO","asc_prevalence",
"hk_prevalence","SO","tt_prevalence",
"hk_prevalence","SO","coordinates",
"asc_prevalence","SO","year",
"asc_prevalence","SO","longitude",
"asc_prevalence","SO","latitude",
"asc_prevalence","SO","hk_prevalence",
"asc_prevalence","SO","asc_prevalence",
"asc_prevalence","SO","tt_prevalence",
"asc_prevalence","SO","coordinates",
"tt_prevalence","SO","year",
"tt_prevalence","SO","longitude",
"tt_prevalence","SO","latitude",
"tt_prevalence","SO","hk_prevalence",
"tt_prevalence","SO","asc_prevalence",
"tt_prevalence","SO","tt_prevalence",
"tt_prevalence","SO","coordinates",
"coordinates","SO","year",
"coordinates","SO","longitude",
"coordinates","SO","latitude",
"coordinates","SO","hk_prevalence",
"coordinates","SO","asc_prevalence",
"coordinates","SO","tt_prevalence",
"coordinates","SO","coordinates",
"year","SS","year",
"year","SS","longitude",
"year","SS","latitude",
"year","SS","hk_prevalence",
"year","SS","asc_prevalence",
"year","SS","tt_prevalence",
"year","SS","coordinates",
"longitude","SS","year",
"longitude","SS","longitude",1
"longitude","SS","latitude",0.2197
"longitude","SS","hk_prevalence",
"longitude","SS","asc_prevalence",
"longitude","SS","tt_prevalence",
"longitude","SS","coordinates",0.2197
"latitude","SS","year",
"latitude","SS","longitude",0.2197
"latitude","SS","latitude",1
"latitude","SS","hk_prevalence",
"latitude","SS","asc_prevalence",
"latitude","SS","tt_prevalence",
"latitude","SS","coordinates",1
"hk_prevalence","SS","year",
"hk_prevalence","SS","longitude",
"hk_prevalence","SS","latitude",
"hk_prevalence","SS","hk_prevalence",
"hk_prevalence","SS","asc_prevalence",
"hk_prevalence","SS","tt_prevalence",
"hk_prevalence","SS","coordinates",
"asc_prevalence","SS","year",
"asc_prevalence","SS","longitude",
"asc_prevalence","SS","latitude",
"asc_prevalence","SS","hk_prevalence",
"asc_prevalence","SS","asc_prevalence",
"asc_prevalence","SS","tt_prevalence",
"asc_prevalence","SS","coordinates",
"tt_prevalence","SS","year",
"tt_prevalence","SS","longitude",
"tt_prevalence","SS","latitude",
"tt_prevalence","SS","hk_prevalence",
"tt_prevalence","SS","asc_prevalence",
"tt_prevalence","SS","tt_prevalence",
"tt_prevalence","SS","coordinates",
"coordinates","SS","year",
"coordinates","SS","longitude",0.2197
"coordinates","SS","latitude",1
"coordinates","SS","hk_prevalence",
"coordinates","SS","asc_prevalence",
"coordinates","SS","tt_prevalence",
"coordinates","SS","coordinates",1
"year","ST","year",1
"year","ST","longitude",0.05806
"year","ST","latitude",0
"year","ST","hk_prevalence",
"year","ST","asc_prevalence",
"year","ST","tt_prevalence",
"year","ST","coordinates",0
"longitude","ST","year",0.05806
"longitude","ST","longitude",1
"longitude","ST","latitude",0.7775
"longitude","ST","hk_prevalence",
"longitude","ST","asc_prevalence",
"longitude","ST","tt_prevalence",
"longitude","ST","coordinates",0.7775
"latitude","ST","year",0
"latitude","ST","longitude",0.7775
"latitude","ST","latitude",1
"latitude","ST","hk_prevalence",
"latitude","ST","asc_prevalence",
"latitude","ST","tt_prevalence",
"latitude","ST","coordinates",1
"hk_prevalence","ST","year",
"hk_prevalence","ST","longitude",
"hk_prevalence","ST","latitude",
"hk_prevalence","ST","hk_prevalence",
"hk_prevalence","ST","asc_prevalence",
"hk_prevalence","ST","tt_prevalence",
"hk_prevalence","ST","coordinates",
"asc_prevalence","ST","year",
"asc_prevalence","ST","longitude",
"asc_prevalence","ST","latitude",
"asc_prevalence","ST","hk_prevalence",
"asc_prevalence","ST","asc_prevalence",
"asc_prevalence","ST","tt_prevalence",
"asc_prevalence","ST","coordinates",
"tt_prevalence","ST","year",
"tt_prevalence","ST","longitude",
"tt_prevalence","ST","latitude",
"tt_prevalence","ST","hk_prevalence",
"tt_prevalence","ST","asc_prevalence",
"tt_prevalence","ST","tt_prevalence",
"tt_prevalence","ST","coordinates",
"coordinates","ST","year",0
"coordinates","ST","longitude",0.7775
"coordinates","ST","latitude",1
"coordinates","ST","hk_prevalence",
"coordinates","ST","asc_prevalence",
"coordinates","ST","tt_prevalence",
"coordinates","ST","coordinates",1
"year","SZ","year",1
"year","SZ","longitude",
"year","SZ","latitude",0
"year","SZ","hk_prevalence",
"year","SZ","asc_prevalence",
"year","SZ","tt_prevalence",
"year","SZ","coordinates",0
"longitude","SZ","year",
"longitude","SZ","longitude",
"longitude","SZ","latitude",
"longitude","SZ","hk_prevalence",
"longitude","SZ","asc_prevalence",
"longitude","SZ","tt_prevalence",
"longitude","SZ","coordinates",
"latitude","SZ","year",0
"latitude","SZ","longitude",
"latitude","SZ","latitude",1
"latitude","SZ","hk_prevalence",
"latitude","SZ","asc_prevalence",
"latitude","SZ","tt_prevalence",
"latitude","SZ","coordinates",1
"hk_prevalence","SZ","year",
"hk_prevalence","SZ","longitude",
"hk_prevalence","SZ","latitude",
"hk_prevalence","SZ","hk_prevalence",
"hk_prevalence","SZ","asc_prevalence",
"hk_prevalence","SZ","tt_prevalence",
"hk_prevalence","SZ","coordinates",
"asc_prevalence","SZ","year",
"asc_prevalence","SZ","longitude",
"asc_prevalence","SZ","latitude",
"asc_prevalence","SZ","hk_prevalence",
"asc_prevalence","SZ","asc_prevalence",
"asc_prevalence","SZ","tt_prevalence",
"asc_prevalence","SZ","coordinates",
"tt_prevalence","SZ","year",
"tt_prevalence","SZ","longitude",
"tt_prevalence","SZ","latitude",
"tt_prevalence","SZ","hk_prevalence",
"tt_prevalence","SZ","asc_prevalence",
"tt_prevalence","SZ","tt_prevalence",
"tt_prevalence","SZ","coordinates",
"coordinates","SZ","year",0
"coordinates","SZ","longitude",
"coordinates","SZ","latitude",1
"coordinates","SZ","hk_prevalence",
"coordinates","SZ","asc_prevalence",
"coordinates","SZ","tt_prevalence",
"coordinates","SZ","coordinates",1
"year","TD","year",1
"year","TD","longitude",0.06821
"year","TD","latitude",0.1632
"year","TD","hk_prevalence",0.1542
"year","TD","asc_prevalence",
"year","TD","tt_prevalence",0.1167
"year","TD","coordinates",0.1632
"longitude","TD","year",0.06821
"longitude","TD","longitude",1
"longitude","TD","latitude",0.564
"longitude","TD","hk_prevalence",0
"longitude","TD","asc_prevalence",
"longitude","TD","tt_prevalence",0
"longitude","TD","coordinates",0.564
"latitude","TD","year",0.1632
"latitude","TD","longitude",0.564
"latitude","TD","latitude",1
"latitude","TD","hk_prevalence",0
"latitude","TD","asc_prevalence",
"latitude","TD","tt_prevalence",0
"latitude","TD","coordinates",1
"hk_prevalence","TD","year",0.1542
"hk_prevalence","TD","longitude",0
"hk_prevalence","TD","latitude",0
"hk_prevalence","TD","hk_prevalence",1
"hk_prevalence","TD","asc_prevalence",
"hk_prevalence","TD","tt_prevalence",0.815
"hk_prevalence","TD","coordinates",0
"asc_prevalence","TD","year",
"asc_prevalence","TD","longitude",
"asc_prevalence","TD","latitude",
"asc_prevalence","TD","hk_prevalence",
"asc_prevalence","TD","asc_prevalence",
"asc_prevalence","TD","tt_prevalence",
"asc_prevalence","TD","coordinates",
"tt_prevalence","TD","year",0.1167
"tt_prevalence","TD","longitude",0
"tt_prevalence","TD","latitude",0
"tt_prevalence","TD","hk_prevalence",0.815
"tt_prevalence","TD","asc_prevalence",
"tt_prevalence","TD","tt_prevalence",1
"tt_prevalence","TD","coordinates",0
"coordinates","TD","year",0.1632
"coordinates","TD","longitude",0.564
"coordinates","TD","latitude",1
"coordinates","TD","hk_prevalence",0
"coordinates","TD","asc_prevalence",
"coordinates","TD","tt_prevalence",0
"coordinates","TD","coordinates",1
"year","TG","year",
"year","TG","longitude",
"year","TG","latitude",
"year","TG","hk_prevalence",
"year","TG","asc_prevalence",
"year","TG","tt_prevalence",
"year","TG","coordinates",
"longitude","TG","year",
"longitude","TG","longitude",1
"longitude","TG","latitude",0.9345
"longitude","TG","hk_prevalence",
"longitude","TG","asc_prevalence",
"longitude","TG","tt_prevalence",
"longitude","TG","coordinates",0.9345
"latitude","TG","year",
"latitude","TG","longitude",0.9345
"latitude","TG","latitude",1
"latitude","TG","hk_prevalence",
"latitude","TG","asc_prevalence",
"latitude","TG","tt_prevalence",
"latitude","TG","coordinates",1
"hk_prevalence","TG","year",
"hk_prevalence","TG","longitude",
"hk_prevalence","TG","latitude",
"hk_prevalence","TG","hk_prevalence",
"hk_prevalence","TG","asc_prevalence",
"hk_prevalence","TG","tt_prevalence",
"hk_prevalence","TG","coordinates",
"asc_prevalence","TG","year",
"asc_prevalence","TG","longitude",
"asc_prevalence","TG","latitude",
"asc_prevalence","TG","hk_prevalence",
"asc_prevalence","TG","asc_prevalence",
"asc_prevalence","TG","tt_prevalence",
"asc_prevalence","TG","coordinates",
"tt_prevalence","TG","year",
"tt_prevalence","TG","longitude",
"tt_prevalence","TG","latitude",
"tt_prevalence","TG","hk_prevalence",
"tt_prevalence","TG","asc_prevalence",
"tt_prevalence","TG","tt_prevalence",
"tt_prevalence","TG","coordinates",
"coordinates","TG","year",
"coordinates","TG","longitude",0.9345
"coordinates","TG","latitude",1
"coordinates","TG","hk_prevalence",
"coordinates","TG","asc_prevalence",
"coordinates","TG","tt_prevalence",
"coordinates","TG","coordinates",1
"year","TZ","year",1
"year","TZ","longitude",0.04979
"year","TZ","latitude",0.02913
"year","TZ","hk_prevalence",0
"year","TZ","asc_prevalence",0.01298
"year","TZ","tt_prevalence",0
"year","TZ","coordinates",0.02913
"longitude","TZ","year",0.04979
"longitude","TZ","longitude",1
"longitude","TZ","latitude",0.8409
"longitude","TZ","hk_prevalence",0
"longitude","TZ","asc_prevalence",0
"longitude","TZ","tt_prevalence",0
"longitude","TZ","coordinates",0.8409
"latitude","TZ","year",0.02913
"latitude","TZ","longitude",0.8409
"latitude","TZ","latitude",1
"latitude","TZ","hk_prevalence",0
"latitude","TZ","asc_prevalence",0
"latitude","TZ","tt_prevalence",0
"latitude","TZ","coordinates",1
"hk_prevalence","TZ","year",0
"hk_prevalence","TZ","longitude",0
"hk_prevalence","TZ","latitude",0
"hk_prevalence","TZ","hk_prevalence",1
"hk_prevalence","TZ","asc_prevalence",0
"hk_prevalence","TZ","tt_prevalence",0
"hk_prevalence","TZ","coordinates",0
"asc_prevalence","TZ","year",0.01298
"asc_prevalence","TZ","longitude",0
"asc_prevalence","TZ","latitude",0
"asc_prevalence","TZ","hk_prevalence",0
"asc_prevalence","TZ","asc_prevalence",1
"asc_prevalence","TZ","tt_prevalence",0.9037
"asc_prevalence","TZ","coordinates",0
"tt_prevalence","TZ","year",0
"tt_prevalence","TZ","longitude",0
"tt_prevalence","TZ","latitude",0
"tt_prevalence","TZ","hk_prevalence",0
"tt_prevalence","TZ","asc_prevalence",0.9037
"tt_prevalence","TZ","tt_prevalence",1
"tt_prevalence","TZ","coordinates",0
"coordinates","TZ","year",0.02913
"coordinates","TZ","longitude",0.8409
"coordinates","TZ","latitude",1
"coordinates","TZ","hk_prevalence",0
"coordinates","TZ","asc_prevalence",0
"coordinates","TZ","tt_prevalence",0
"coordinates","TZ","coordinates",1
"year","UG","year",1
"year","UG","longitude",0
"year","UG","latitude",0.106
"year","UG","hk_prevalence",0.1271
"year","UG","asc_prevalence",0
"year","UG","tt_prevalence",0
"year","UG","coordinates",0.106
"longitude","UG","year",0
"longitude","UG","longitude",1
"longitude","UG","latitude",0.7076
"longitude","UG","hk_prevalence",0.007109
"longitude","UG","asc_prevalence",0.01201
"longitude","UG","tt_prevalence",0.01201
"longitude","UG","coordinates",0.7076
"latitude","UG","year",0.106
"latitude","UG","longitude",0.7076
"latitude","UG","latitude",1
"latitude","UG","hk_prevalence",0.02533
"latitude","UG","asc_prevalence",0.0347
"latitude","UG","tt_prevalence",0.0347
"latitude","UG","coordinates",1
"hk_prevalence","UG","year",0.1271
"hk_prevalence","UG","longitude",0.007109
"hk_prevalence","UG","latitude",0.02533
"hk_prevalence","UG","hk_prevalence",1
"hk_prevalence","UG","asc_prevalence",0.009776
"hk_prevalence","UG","tt_prevalence",0.009776
"hk_prevalence","UG","coordinates",0.02533
"asc_prevalence","UG","year",0
"asc_prevalence","UG","longitude",0.01201
"asc_prevalence","UG","latitude",0.0347
"asc_prevalence","UG","hk_prevalence",0.009776
"asc_prevalence","UG","asc_prevalence",1
"asc_prevalence","UG","tt_prevalence",0.9863
"asc_prevalence","UG","coordinates",0.0347
"tt_prevalence","UG","year",0
"tt_prevalence","UG","longitude",0.01201
"tt_prevalence","UG","latitude",0.0347
"tt_prevalence","UG","hk_prevalence",0.009776
"tt_prevalence","UG","asc_prevalence",0.9863
"tt_prevalence","UG","tt_prevalence",1
"tt_prevalence","UG","coordinates",0.0347
"coordinates","UG","year",0.106
"coordinates","UG","longitude",0.7076
"coordinates","UG","latitude",1
"coordinates","UG","hk_prevalence",0.02533
"coordinates","UG","asc_prevalence",0.0347
"coordinates","UG","tt_prevalence",0.0347
"coordinates","UG","coordinates",1
"year","ZA","year",1
"year","ZA","longitude",0.1749
"year","ZA","latitude",0.1811
"year","ZA","hk_prevalence",0.173
"year","ZA","asc_prevalence",
"year","ZA","tt_prevalence",
"year","ZA","coordinates",0.1811
"longitude","ZA","year",0.1749
"longitude","ZA","longitude",1
"longitude","ZA","latitude",0.9737
"longitude","ZA","hk_prevalence",0
"longitude","ZA","asc_prevalence",
"longitude","ZA","tt_prevalence",
"longitude","ZA","coordinates",0.9737
"latitude","ZA","year",0.1811
"latitude","ZA","longitude",0.9737
"latitude","ZA","latitude",1
"latitude","ZA","hk_prevalence",0
"latitude","ZA","asc_prevalence",
"latitude","ZA","tt_prevalence",
"latitude","ZA","coordinates",1
"hk_prevalence","ZA","year",0.173
"hk_prevalence","ZA","longitude",0
"hk_prevalence","ZA","latitude",0
"hk_prevalence","ZA","hk_prevalence",1
"hk_prevalence","ZA","asc_prevalence",
"hk_prevalence","ZA","tt_prevalence",
"hk_prevalence","ZA","coordinates",0
"asc_prevalence","ZA","year",
"asc_prevalence","ZA","longitude",
"asc_prevalence","ZA","latitude",
"asc_prevalence","ZA","hk_prevalence",
"asc_prevalence","ZA","asc_prevalence",
"asc_prevalence","ZA","tt_prevalence",
"asc_prevalence","ZA","coordinates",
"tt_prevalence","ZA","year",
"tt_prevalence","ZA","longitude",
"tt_prevalence","ZA","latitude",
"tt_prevalence","ZA","hk_prevalence",
"tt_prevalence","ZA","asc_prevalence",
"tt_prevalence","ZA","tt_prevalence",
"tt_prevalence","ZA","coordinates",
"coordinates","ZA","year",0.1811
"coordinates","ZA","longitude",0.9737
"coordinates","ZA","latitude",1
"coordinates","ZA","hk_prevalence",0
"coordinates","ZA","asc_prevalence",
"coordinates","ZA","tt_prevalence",
"coordinates","ZA","coordinates",1
"year","ZM","year",
"year","ZM","longitude",
"year","ZM","latitude",
"year","ZM","hk_prevalence",
"year","ZM","asc_prevalence",
"year","ZM","tt_prevalence",
"year","ZM","coordinates",
"longitude","ZM","year",
"longitude","ZM","longitude",1
"longitude","ZM","latitude",1
"longitude","ZM","hk_prevalence",0
"longitude","ZM","asc_prevalence",
"longitude","ZM","tt_prevalence",0.2531
"longitude","ZM","coordinates",1
"latitude","ZM","year",
"latitude","ZM","longitude",1
"latitude","ZM","latitude",1
"latitude","ZM","hk_prevalence",0
"latitude","ZM","asc_prevalence",
"latitude","ZM","tt_prevalence",0.2531
"latitude","ZM","coordinates",1
"hk_prevalence","ZM","year",
"hk_prevalence","ZM","longitude",0
"hk_prevalence","ZM","latitude",0
"hk_prevalence","ZM","hk_prevalence",1
"hk_prevalence","ZM","asc_prevalence",
"hk_prevalence","ZM","tt_prevalence",0.3137
"hk_prevalence","ZM","coordinates",0
"asc_prevalence","ZM","year",
"asc_prevalence","ZM","longitude",
"asc_prevalence","ZM","latitude",
"asc_prevalence","ZM","hk_prevalence",
"asc_prevalence","ZM","asc_prevalence",
"asc_prevalence","ZM","tt_prevalence",
"asc_prevalence","ZM","coordinates",
"tt_prevalence","ZM","year",
"tt_prevalence","ZM","longitude",0.2531
"tt_prevalence","ZM","latitude",0.2531
"tt_prevalence","ZM","hk_prevalence",0.3137
"tt_prevalence","ZM","asc_prevalence",
"tt_prevalence","ZM","tt_prevalence",1
"tt_prevalence","ZM","coordinates",0.2531
"coordinates","ZM","year",
"coordinates","ZM","longitude",1
"coordinates","ZM","latitude",1
"coordinates","ZM","hk_prevalence",0
"coordinates","ZM","asc_prevalence",
"coordinates","ZM","tt_prevalence",0.2531
"coordinates","ZM","coordinates",1
"year","ZW","year",1
"year","ZW","longitude",0.119
"year","ZW","latitude",0
"year","ZW","hk_prevalence",0.2061
"year","ZW","asc_prevalence",0.1933
"year","ZW","tt_prevalence",0.08803
"year","ZW","coordinates",0
"longitude","ZW","year",0.119
"longitude","ZW","longitude",1
"longitude","ZW","latitude",0.1145
"longitude","ZW","hk_prevalence",0.5986
"longitude","ZW","asc_prevalence",0.5701
"longitude","ZW","tt_prevalence",0
"longitude","ZW","coordinates",0.1145
"latitude","ZW","year",0
"latitude","ZW","longitude",0.1145
"latitude","ZW","latitude",1
"latitude","ZW","hk_prevalence",0.06254
"latitude","ZW","asc_prevalence",0.0547
"latitude","ZW","tt_prevalence",0.1024
"latitude","ZW","coordinates",1
"hk_prevalence","ZW","year",0.2061
"hk_prevalence","ZW","longitude",0.5986
"hk_prevalence","ZW","latitude",0.06254
"hk_prevalence","ZW","hk_prevalence",1
"hk_prevalence","ZW","asc_prevalence",0.9402
"hk_prevalence","ZW","tt_prevalence",0.4613
"hk_prevalence","ZW","coordinates",0.06254
"asc_prevalence","ZW","year",0.1933
"asc_prevalence","ZW","longitude",0.5701
"asc_prevalence","ZW","latitude",0.0547
"asc_prevalence","ZW","hk_prevalence",0.9402
"asc_prevalence","ZW","asc_prevalence",1
"asc_prevalence","ZW","tt_prevalence",0.4908
"asc_prevalence","ZW","coordinates",0.0547
"tt_prevalence","ZW","year",0.08803
"tt_prevalence","ZW","longitude",0
"tt_prevalence","ZW","latitude",0.1024
"tt_prevalence","ZW","hk_prevalence",0.4613
"tt_prevalence","ZW","asc_prevalence",0.4908
"tt_prevalence","ZW","tt_prevalence",1
"tt_prevalence","ZW","coordinates",0.1024
"coordinates","ZW","year",0
"coordinates","ZW","longitude",0.1145
"coordinates","ZW","latitude",1
"coordinates","ZW","hk_prevalence",0.06254
"coordinates","ZW","asc_prevalence",0.0547
"coordinates","ZW","tt_prevalence",0.1024
"coordinates","ZW","coordinates",1
"year","ZZ","year",1
"year","ZZ","longitude",0
"year","ZZ","latitude",0.3671
"year","ZZ","hk_prevalence",
"year","ZZ","asc_prevalence",
"year","ZZ","tt_prevalence",
"year","ZZ","coordinates",0.3671
"longitude","ZZ","year",0
"longitude","ZZ","longitude",1
"longitude","ZZ","latitude",0.1594
"longitude","ZZ","hk_prevalence",
"longitude","ZZ","asc_prevalence",
"longitude","ZZ","tt_prevalence",
"longitude","ZZ","coordinates",0.1594
"latitude","ZZ","year",0.3671
"latitude","ZZ","longitude",0.1594
"latitude","ZZ","latitude",1
"latitude","ZZ","hk_prevalence",
"latitude","ZZ","asc_prevalence",
"latitude","ZZ","tt_prevalence",
"latitude","ZZ","coordinates",1
"hk_prevalence","ZZ","year",
"hk_prevalence","ZZ","longitude",
"hk_prevalence","ZZ","latitude",
"hk_prevalence","ZZ","hk_prevalence",
"hk_prevalence","ZZ","asc_prevalence",
"hk_prevalence","ZZ","tt_prevalence",
"hk_prevalence","ZZ","coordinates",
"asc_prevalence","ZZ","year",
"asc_prevalence","ZZ","longitude",
"asc_prevalence","ZZ","latitude",
"asc_prevalence","ZZ","hk_prevalence",
"asc_prevalence","ZZ","asc_prevalence",
"asc_prevalence","ZZ","tt_prevalence",
"asc_prevalence","ZZ","coordinates",
"tt_prevalence","ZZ","year",
"tt_prevalence","ZZ","longitude",
"tt_prevalence","ZZ","latitude",
"tt_prevalence","ZZ","hk_prevalence",
"tt_prevalence","ZZ","asc_prevalence",
"tt_prevalence","ZZ","tt_prevalence",
"tt_prevalence","ZZ","coordinates",
"coordinates","ZZ","year",0.3671
"coordinates","ZZ","longitude",0.1594
"coordinates","ZZ","latitude",1
"coordinates","ZZ","hk_prevalence",
"coordinates","ZZ","asc_prevalence",
"coordinates","ZZ","tt_prevalence",
"coordinates","ZZ","coordinates",1
